<Configuration>
<Add OfficeClientEdition="32" Channel="Monthly">
    <Product ID="Proplus2019Retail">
      <Language ID="fr-FR" />
      <ExcludeApp ID="Publisher" />
      <ExcludeApp ID="Groove" />
      <ExcludeApp ID="Lync" />
      <ExcludeApp ID="OneNote" />
      <ExcludeApp ID="Outlook" />
      <ExcludeApp ID="OneDrive" />
    </Product>
</Add>
<Display Level="Full" AcceptEULA="TRUE" />
<Updates Enabled="TRUE" Channel="Monthly" />
</Configuration>
<!--  OInstallSetting Branch=1  -->
<!--  OInstallSetting Office=0  -->
<!--  OInstallSetting Arch=0  -->
<!--  OInstallSetting Redact=2  -->
<!--  OInstallSetting Product=1  -->
<!--  OInstallSetting OnlineKMS=0  -->
<!--  OInstallSetting PATH=  -->
<!--  OInstallSetting Lang0=1  -->
